{"cameraMode":{"drawMode":0,"name":"Shaded","section":"Shading Mode"},"sceneLighting":true,"audioPlay":false,"sceneViewState":{"m_AlwaysRefresh":false,"showFog":true,"showSkybox":true,"showFlares":true,"showImageEffects":true,"showParticleSystems":true,"showVisualEffectGraphs":true,"m_FxEnabled":true},"in2DMode":false,"pivot":{"x":15.718707084655762,"y":-2.865650177001953,"z":16.991840362548829},"rotation":{"x":0.4450876712799072,"y":-0.020145464688539506,"z":0.010016129352152348,"w":0.8952049016952515},"size":6.9820709228515629,"orthographic":false}