{"cameraMode":{"drawMode":0,"name":"Shaded","section":"Shading Mode"},"sceneLighting":false,"audioPlay":false,"sceneViewState":{"m_AlwaysRefresh":false,"showFog":true,"showSkybox":false,"showFlares":true,"showImageEffects":true,"showParticleSystems":true,"showVisualEffectGraphs":true,"m_FxEnabled":true},"in2DMode":false,"pivot":{"x":0.2983319163322449,"y":0.7605568170547485,"z":3.491619825363159},"rotation":{"x":-0.008100383915007115,"y":0.013499118387699128,"z":0.00010943694360321388,"w":0.9998757839202881},"size":2.3312337398529054,"orthographic":false}